-- MySQL dump 10.13  Distrib 8.0.30, for Win64 (x86_64)
--
-- Host: localhost    Database: getsemani_assistance
-- ------------------------------------------------------
-- Server version	8.0.30

/*!40101 SET @OLD_CHARACTER_SET_CLIENT=@@CHARACTER_SET_CLIENT */;
/*!40101 SET @OLD_CHARACTER_SET_RESULTS=@@CHARACTER_SET_RESULTS */;
/*!40101 SET @OLD_COLLATION_CONNECTION=@@COLLATION_CONNECTION */;
/*!50503 SET NAMES utf8 */;
/*!40103 SET @OLD_TIME_ZONE=@@TIME_ZONE */;
/*!40103 SET TIME_ZONE='+00:00' */;
/*!40014 SET @OLD_UNIQUE_CHECKS=@@UNIQUE_CHECKS, UNIQUE_CHECKS=0 */;
/*!40014 SET @OLD_FOREIGN_KEY_CHECKS=@@FOREIGN_KEY_CHECKS, FOREIGN_KEY_CHECKS=0 */;
/*!40101 SET @OLD_SQL_MODE=@@SQL_MODE, SQL_MODE='NO_AUTO_VALUE_ON_ZERO' */;
/*!40111 SET @OLD_SQL_NOTES=@@SQL_NOTES, SQL_NOTES=0 */;

--
-- Table structure for table `assistance`
--

DROP TABLE IF EXISTS `assistance`;
/*!40101 SET @saved_cs_client     = @@character_set_client */;
/*!50503 SET character_set_client = utf8mb4 */;
CREATE TABLE `assistance` (
  `id` int NOT NULL AUTO_INCREMENT,
  `id_student` varchar(36) NOT NULL,
  `date` datetime NOT NULL,
  `id_user` varchar(8) NOT NULL,
  `state` varchar(16) NOT NULL,
  PRIMARY KEY (`id`),
  KEY `fk_assistance_user1_idx` (`id_user`),
  KEY `fk_assistance_student1_idx` (`id_student`),
  CONSTRAINT `fk_assistance_student1` FOREIGN KEY (`id_student`) REFERENCES `student` (`id`),
  CONSTRAINT `fk_assistance_user1` FOREIGN KEY (`id_user`) REFERENCES `user` (`id`)
) ENGINE=InnoDB AUTO_INCREMENT=25 DEFAULT CHARSET=utf8mb3;
/*!40101 SET character_set_client = @saved_cs_client */;

--
-- Dumping data for table `assistance`
--

LOCK TABLES `assistance` WRITE;
/*!40000 ALTER TABLE `assistance` DISABLE KEYS */;
INSERT INTO `assistance` VALUES (21,'13a5bebe-6185-4055-88c1-a29784e9b908','2024-07-09 11:54:58','12345678','ASISTIO'),(22,'c1e739fb-b953-473e-87ee-e6870d6ae888','2024-07-09 11:56:34','12345678','ASISTIO'),(23,'1718158f-a079-45a4-a26e-47be0b5f719a','2024-07-09 12:10:32','12345678','ASISTIO'),(24,'13a5bebe-6185-4055-88c1-a29784e9b908','2024-07-11 01:15:56','12345678','ASISTIO');
/*!40000 ALTER TABLE `assistance` ENABLE KEYS */;
UNLOCK TABLES;

--
-- Table structure for table `education_level`
--

DROP TABLE IF EXISTS `education_level`;
/*!40101 SET @saved_cs_client     = @@character_set_client */;
/*!50503 SET character_set_client = utf8mb4 */;
CREATE TABLE `education_level` (
  `id` int NOT NULL AUTO_INCREMENT,
  `name` varchar(16) NOT NULL,
  `max_grade` int NOT NULL,
  `max_section` int NOT NULL,
  PRIMARY KEY (`id`),
  UNIQUE KEY `name_UNIQUE` (`name`)
) ENGINE=InnoDB AUTO_INCREMENT=4 DEFAULT CHARSET=utf8mb3;
/*!40101 SET character_set_client = @saved_cs_client */;

--
-- Dumping data for table `education_level`
--

LOCK TABLES `education_level` WRITE;
/*!40000 ALTER TABLE `education_level` DISABLE KEYS */;
INSERT INTO `education_level` VALUES (1,'INICIAL',2,2),(2,'PRIMARIA',6,6),(3,'SECUNDARIA',5,6);
/*!40000 ALTER TABLE `education_level` ENABLE KEYS */;
UNLOCK TABLES;

--
-- Table structure for table `grade`
--

DROP TABLE IF EXISTS `grade`;
/*!40101 SET @saved_cs_client     = @@character_set_client */;
/*!50503 SET character_set_client = utf8mb4 */;
CREATE TABLE `grade` (
  `id` int NOT NULL AUTO_INCREMENT,
  `name` varchar(1) NOT NULL,
  PRIMARY KEY (`id`)
) ENGINE=InnoDB AUTO_INCREMENT=8 DEFAULT CHARSET=utf8mb3;
/*!40101 SET character_set_client = @saved_cs_client */;

--
-- Dumping data for table `grade`
--

LOCK TABLES `grade` WRITE;
/*!40000 ALTER TABLE `grade` DISABLE KEYS */;
INSERT INTO `grade` VALUES (1,'1'),(2,'2'),(3,'3'),(4,'4'),(5,'5'),(6,'6');
/*!40000 ALTER TABLE `grade` ENABLE KEYS */;
UNLOCK TABLES;

--
-- Table structure for table `section`
--

DROP TABLE IF EXISTS `section`;
/*!40101 SET @saved_cs_client     = @@character_set_client */;
/*!50503 SET character_set_client = utf8mb4 */;
CREATE TABLE `section` (
  `id` int NOT NULL AUTO_INCREMENT,
  `name` varchar(16) NOT NULL,
  PRIMARY KEY (`id`)
) ENGINE=InnoDB AUTO_INCREMENT=13 DEFAULT CHARSET=utf8mb3;
/*!40101 SET character_set_client = @saved_cs_client */;

--
-- Dumping data for table `section`
--

LOCK TABLES `section` WRITE;
/*!40000 ALTER TABLE `section` DISABLE KEYS */;
INSERT INTO `section` VALUES (1,'A'),(2,'B'),(3,'C'),(4,'D'),(5,'E'),(6,'F'),(7,'G'),(8,'H'),(9,'I'),(10,'J');
/*!40000 ALTER TABLE `section` ENABLE KEYS */;
UNLOCK TABLES;

--
-- Table structure for table `student`
--

DROP TABLE IF EXISTS `student`;
/*!40101 SET @saved_cs_client     = @@character_set_client */;
/*!50503 SET character_set_client = utf8mb4 */;
CREATE TABLE `student` (
  `id` varchar(36) NOT NULL,
  `name` varchar(32) NOT NULL,
  `surname` varchar(32) NOT NULL,
  `dni` varchar(8) NOT NULL,
  `id_grade` int NOT NULL,
  `id_section` int NOT NULL,
  `id_education_level` int NOT NULL,
  `state` varchar(16) NOT NULL,
  PRIMARY KEY (`id`),
  UNIQUE KEY `id_UNIQUE` (`id`),
  UNIQUE KEY `dni_UNIQUE` (`dni`),
  KEY `fk_student_grade_idx` (`id_grade`),
  KEY `fk_student_education_level1_idx` (`id_education_level`),
  KEY `fk_student_section1_idx` (`id_section`),
  CONSTRAINT `fk_student_education_level1` FOREIGN KEY (`id_education_level`) REFERENCES `education_level` (`id`),
  CONSTRAINT `fk_student_grade` FOREIGN KEY (`id_grade`) REFERENCES `grade` (`id`),
  CONSTRAINT `fk_student_section1` FOREIGN KEY (`id_section`) REFERENCES `section` (`id`)
) ENGINE=InnoDB DEFAULT CHARSET=utf8mb3;
/*!40101 SET character_set_client = @saved_cs_client */;

--
-- Dumping data for table `student`
--

LOCK TABLES `student` WRITE;
/*!40000 ALTER TABLE `student` DISABLE KEYS */;
INSERT INTO `student` VALUES ('00111938-33cb-453c-ad84-94cee160a790','Collier','Watson Carney','58693634',4,5,2,'ACTIVO'),('002c01f9-dae2-4197-ada2-a85c4be59f93','Levy','Rocha Padilla','17345232',5,5,3,'ACTIVO'),('004c0048-f11f-4043-9866-36da31344a5f','Hallie','Keith Hurst','89704344',5,1,3,'ACTIVO'),('00da96b9-0d25-4840-a6b9-3e6bee7922f6','Sallie','Avery Head','53185678',6,3,1,'ACTIVO'),('0131d6f2-3ee8-4e65-b91c-5bdd479a1076','Case','Christensen Watson','17961977',3,2,2,'ACTIVO'),('01dd5181-8c19-4223-a6a5-394d94f6517d','Dorthy','Bond Cochran','48346641',5,6,3,'ACTIVO'),('0373ae21-7d57-4a81-8f46-ebb1065736af','Georgette','Patrick Wilder','66745842',1,5,3,'ACTIVO'),('05311b21-997e-48ab-9c16-126e57dd322d','Amber','Mcneil Curtis','52398656',2,6,2,'ACTIVO'),('05d6823c-3bb8-42c0-8b32-ff6130141b97','Watson','Sutton Ford','75849413',4,2,3,'ACTIVO'),('05e269ea-9699-4f2c-a572-2211f9c4eef6','Lucas','Roach Cooke','38661697',6,2,1,'ACTIVO'),('05fd9e65-7840-4da2-99f7-0cc102a686e7','Blackburn','Mendoza Richard','24334099',6,1,1,'ACTIVO'),('060c09b1-a582-442c-a1f0-b4d1b6d84f7e','Reed','Watts Bowers','45875031',5,2,2,'ACTIVO'),('0620d7b7-f3c9-47f4-8df2-20e8e6cf9059','Delia','Shepherd Coffey','40447220',6,1,1,'ACTIVO'),('0626be64-7de0-4113-af17-af000f24790b','Donaldson','Dyer Salas','39424120',5,5,2,'ACTIVO'),('06ec2273-3615-4216-9b78-98cb0586605a','Avery','Miranda Golden','80963160',5,4,3,'ACTIVO'),('07211ff8-a7a5-464e-b3ae-fb0fc65e834b','Lelia','Wilder Cross','81164396',3,1,2,'ACTIVO'),('07e908fb-f4ec-4a54-b956-cc7cc3023bd6','Herman','Burks Sharpe','48480815',3,6,2,'ACTIVO'),('07efd774-7441-4dc9-a415-df5ef20fa558','Ross','Benjamin Garza','81525663',4,5,3,'ACTIVO'),('0841bb77-1bb7-4070-bf73-ecb148d99ccd','Walton','Potts Pearson','65696488',2,1,3,'ACTIVO'),('09effc78-8970-427f-a84c-c4735567275f','Tammi','Flores Mcmahon','26154372',4,5,3,'ACTIVO'),('09fd1e23-8773-4029-b93b-22a7cce448a9','Mary','Hickman Heath','99554373',6,6,1,'ACTIVO'),('0a2387dc-130f-4450-a30e-92567fa6f27e','Salas','Osborn Strong','67163969',2,1,3,'ACTIVO'),('0a6afd78-19dd-4b0b-bab0-8a54506ddef8','Debora','Schwartz Clarke','25653847',2,2,1,'ACTIVO'),('0b6c34e3-4580-4a44-ba95-8376abec3d2b','Shauna','Cochran Mayo','64194930',2,4,2,'ACTIVO'),('0b88e43f-c395-48e1-805a-ffb694574060','Rose','Hopkins Hensley','39954976',4,2,2,'ACTIVO'),('0bc30c8b-6318-4ea7-a48e-f1ac9015bcba','Conrad','Ramsey Atkinson','62547023',1,6,3,'ACTIVO'),('0c26c02f-9bcb-4fb4-a1e7-d30f4b1c2595','Kathie','Gillespie Duke','13804234',3,2,3,'ACTIVO'),('0d6dab6b-7083-4b78-adb1-bbfc1f054018','Carolyn','Atkinson Simon','80366484',2,2,1,'ACTIVO'),('0e6d0615-2777-437c-bd41-93a74fb39f6e','William','Glover Hoover','77570399',4,3,2,'ACTIVO'),('0f2d023c-4f59-4a28-9cfb-28266d5aab3f','Wallace','Mason Jackson','29396293',2,2,1,'ACTIVO'),('0f7fe6a2-b443-410b-81ca-f87db183b10e','Whitfield','Gardner Martin','46899383',5,1,3,'ACTIVO'),('0facdcf6-b234-4bef-a6a7-6a83e53d428d','Meagan','Green Schneider','70901398',6,2,1,'ACTIVO'),('0fff63e0-c6b4-4042-bf49-9a2a05bb9a9c','Mosley','Villarreal Beasley','23453786',1,4,2,'ACTIVO'),('11107699-d332-4e11-a091-2960a3adc94e','Christian','Duran Knox','26289941',1,2,2,'ACTIVO'),('114ef0be-78ac-4fb8-9877-b9fabff5f6ea','Maxine','Manning Roy','79985322',2,2,1,'ACTIVO'),('121fe34f-9f0b-4a49-ae73-20dc34b046d1','Mcintosh','Justice Bryant','44330275',4,3,3,'ACTIVO'),('126f283f-8d0f-44f9-aa9c-328498149268','Beatrice','Lewis Fulton','92158297',2,6,2,'ACTIVO'),('137bac44-d7dd-4f14-b54e-6dddffdfb0fa','Elisa','Holt Cohen','38858822',2,6,3,'ACTIVO'),('1380854e-7c75-4db0-9960-598b751ea60a','Garrett','Miranda Hutchinson','96578548',2,2,1,'ACTIVO'),('13a5bebe-6185-4055-88c1-a29784e9b908','Irene','Dorsey Page','64164881',1,1,1,'ACTIVO'),('13aeb90e-f8ee-4fb4-a534-1bb516a4cd3a','Craig','Blackwell Jacobs','74760963',2,1,1,'ACTIVO'),('14168543-e812-49db-b2c6-671c5b8a949b','Queen','Guerrero Hess','49754125',6,1,1,'ACTIVO'),('1457b00a-a826-4d05-a5fc-5f617174bd06','Ofelia','Greer Edwards','18142707',3,5,2,'ACTIVO'),('14ce0f5e-a73c-4fe1-82f6-50e94db5c770','Lucia','Merritt Marsh','32256314',6,2,1,'ACTIVO'),('14efbdf7-3991-4a5f-97cc-bc3640b15622','Sheree','Knight Reilly','96212159',6,5,1,'ACTIVO'),('1718158f-a079-45a4-a26e-47be0b5f719a','Clare','Juarez Thomas','48571511',1,1,2,'ACTIVO'),('1799788c-2141-4a9a-82c4-d1e788e1cfa5','Rivas','Riddle Jenkins','94565579',6,6,1,'ACTIVO'),('1976ebeb-c0db-4a36-8485-ae1f795a5af1','Kidd','Moon Holland','80040740',5,2,2,'ACTIVO'),('19f851fd-bc60-40b7-9850-c1b08305e11d','Carey','Poole Clarke','79996904',3,5,3,'ACTIVO'),('1a016013-218a-400b-bc65-4cc47f7a5719','Newman','Shaw Goff','22471629',1,1,2,'ACTIVO'),('1a1854b6-eeb1-4bf9-9661-12a5b60d623f','Monica','Hampton Mccarty','40162420',4,1,2,'ACTIVO'),('1abfff3c-7a25-4e80-ac08-fa19eb6ebf7b','Cobb','Rodriquez Tyler','54831021',2,3,2,'ACTIVO'),('1af736ec-de9b-4a49-aa48-56aa186a40b4','Millicent','Bernard Roman','92377370',6,3,1,'ACTIVO'),('1b0c169a-e741-493c-b332-19e739f7a304','Dunn','Wallace Ferguson','45385699',3,4,2,'ACTIVO'),('1c2a4970-930b-4c54-a68f-90fc66d293c9','Jensen','Barr Wolf','34804619',2,6,2,'ACTIVO'),('1d572a1e-0848-42b7-9cbe-c4fce6593d52','Eva','Nelson Coffey','13415598',3,4,2,'ACTIVO'),('1dbea36c-3672-4d64-92c8-2f0545155635','Reyes','Nicholson Espinoza','82456257',3,3,3,'ACTIVO'),('1e0cd6a5-7da2-40e6-a414-1d5cdbaddc56','Sears','Padilla Blevins','21511539',6,2,1,'ACTIVO'),('1e471e54-1486-4b40-ad56-1374d642ea80','Mejia','Noel Conner','22520350',2,1,2,'ACTIVO'),('1fdab8a1-b626-4f33-91bb-7e68bf28e87b','Kris','Holden Benton','74374013',5,5,2,'ACTIVO'),('1ffc98ba-fedb-4dd0-bef7-b6328e1a8d5b','Edith','Mccarthy Russo','74631655',3,3,2,'ACTIVO'),('221c9d8e-b4eb-46fb-a4ca-df623c475d7a','Cline','Faulkner Jackson','43948971',2,6,3,'ACTIVO'),('2244de87-758d-4c63-b0d5-947379b7005f','Guy','Johnson Langley','58230558',5,3,2,'ACTIVO'),('224c1933-b4a8-479c-9a4b-37185e922e5a','Geraldine','Hurst Baird','16986962',6,2,1,'ACTIVO'),('2253d9fe-51e9-4f1e-a6a5-42f1d40cc109','Desiree','Rasmussen Reed','84289625',1,5,3,'ACTIVO'),('228f2d5a-3449-49ee-9960-1b20c5840356','Whitaker','Carney Jordan','28559251',2,4,2,'ACTIVO'),('2303d983-d5a5-42be-a7f1-7a7d2f8dd5da','Tabitha','Robertson Garrett','17720338',5,4,3,'ACTIVO'),('23246ea5-f9f8-4125-9126-044f7e0ff296','Hood','Mosley Hays','19637399',1,2,1,'ACTIVO'),('23624e4e-1a48-4ee9-a411-4dcf9eb9aaaf','Bates','Moss Norton','18536733',6,1,1,'ACTIVO'),('23628043-e9fd-4cc0-a8f2-cf00cec56098','Cathleen','Gallagher Floyd','98342382',6,1,1,'ACTIVO'),('23c147aa-5d16-4964-84d8-f31f8ed8d854','Berg','Jordan Reeves','53185871',2,2,1,'ACTIVO'),('240bba43-3590-47a2-8f6a-97f6beaf349b','Shepard','York Massey','24167347',1,1,1,'ACTIVO'),('24ec2647-7db8-4304-adcb-8907b7063d08','Robin','Gaines Mcdowell','76793684',6,3,1,'ACTIVO'),('26953adf-0a93-4ebe-8e88-da388e98d403','Marina','Collier Chavez','22361698',3,6,3,'ACTIVO'),('26a03e3d-598d-47ea-bb34-9f058d695807','Hines','Morton Mccall','11955037',1,4,2,'ACTIVO'),('272c0ff7-c3ef-4145-b30a-ad53bbb207fa','Stewart','Mack Payne','29666042',3,2,2,'ACTIVO'),('2813549b-8988-4459-9651-96cc642f57ab','Charlene','Gamble Alexander','85088596',2,4,2,'ACTIVO'),('28ca3b39-b2b1-4198-8df4-8b6126c394c8','Simmons','Webb Sargent','46427262',1,1,2,'ACTIVO'),('298ffd9e-1e53-4305-82a0-f2ce2a28f33c','Kim','Craft Sheppard','68983607',1,6,2,'ACTIVO'),('2a654000-bad4-440c-b283-2e70e12751b1','Klein','Frederick Cherry','51108389',1,1,1,'ACTIVO'),('2a6a7663-c0a6-424f-aa84-1d8b9f7a033c','Tonya','Dodson Hinton','29751701',6,3,1,'ACTIVO'),('2b602cb9-9237-40b2-96ab-ae618d7e09f7','Phoebe','Vaughan Bass','20735561',1,1,1,'ACTIVO'),('2bdca822-5bd0-4107-9f08-ca372b9ff90b','Jacobson','Fowler Keller','71097032',6,1,1,'ACTIVO'),('2bf75688-c127-4cdd-a479-63b86e177a7c','Santana','Berg Gilmore','37387829',5,1,2,'ACTIVO'),('2c3ba719-f2bd-431f-bbbb-5a42e6f4c575','Marion','Wilcox Stuart','50375557',3,1,3,'ACTIVO'),('2ca955f1-63e7-4457-a76d-9c9ba895a6c7','Rene','Dudley Maynard','14668646',4,3,2,'ACTIVO'),('2cc844a6-b392-44ec-a749-8affa9ac7169','Santiago','Matthews Frank','94648374',2,4,3,'ACTIVO'),('2db43531-a1a6-480e-b9de-3d19dd41539a','Aguilar','Hays Velazquez','98563788',1,1,3,'ACTIVO'),('2dbd1550-1ab5-4221-9070-55ec3131f558','Salas','Blankenship Hays','62491628',6,5,1,'ACTIVO'),('2e199807-f01e-4147-92c7-16fba1c48151','Hodge','Hamilton Huffman','50345719',2,1,1,'ACTIVO'),('2e424c42-8058-4e99-8f56-888b3a7753a7','Cindy','Moody Lynch','37278673',1,2,1,'ACTIVO'),('2e52bcdb-0e00-46ff-927b-fbf0e8591182','Hart','Herrera Blake','80181169',6,6,1,'ACTIVO'),('2e5a83b9-9006-4699-9772-1e927287a52e','Burton','England Bridges','44693581',6,1,1,'ACTIVO'),('2ecf6d66-a239-4cf8-9057-9779949804c4','Carole','Hayden Roberson','88716231',1,2,1,'ACTIVO'),('2fa619e7-7255-4bfd-a09e-323f33d001ac','Tucker','Poole Knapp','80910386',6,6,1,'ACTIVO'),('3095acf7-56c1-46f6-a6a4-a21dff2f38b0','Esther','Lambert Duffy','75182081',3,3,2,'ACTIVO'),('31a7e907-b94a-4b42-a195-6e6ae8a46ed0','Watkins','Combs Warner','56081530',6,2,1,'ACTIVO'),('31ee60c9-7a5b-47d8-85de-0dd201c4745b','Katelyn','Goodman Ayala','47494550',3,2,2,'ACTIVO'),('32900a6e-7724-4fff-b08b-d92188c2b772','Rosemarie','Bradley Riley','70907947',6,2,1,'ACTIVO'),('329ccff0-ddb2-4739-b111-8bb2c6195f22','Keller','Henry Ayala','79876900',1,1,3,'ACTIVO'),('32b816e5-47f2-4d8d-9457-cf02ea646d27','Alisha','Daugherty Kennedy','65484966',2,1,1,'ACTIVO'),('340a292c-bf0f-48a9-a595-e2bcef8daf0d','Minerva','James Gould','74440998',6,4,1,'ACTIVO'),('34bdcaf7-4846-4e4c-839a-baa0a244f737','Fuller','Cohen Barton','43706512',6,2,1,'ACTIVO'),('35d89c04-0f8b-492e-b6bd-60562fc6d8d8','Roxanne','Ortega Love','59426930',4,2,2,'ACTIVO'),('38225a17-fd53-4a83-a8af-f768e1472523','Morse','Knapp Perez','72197529',1,1,1,'ACTIVO'),('391d0824-5e90-4822-93fe-7527759b6080','Gilda','Mckee Walls','20008519',1,3,2,'ACTIVO'),('39518766-7ef9-4000-989d-216c820ba61a','Brandy','Clay Poole','27366545',3,2,2,'ACTIVO'),('39a18907-7a07-4042-a4bb-fc3316467cd7','Miranda','Barrett Cannon','21455854',5,3,2,'ACTIVO'),('3a005e18-889d-4b5f-80b6-8c0775ba832e','Mays','Delacruz Buck','76497078',3,2,3,'ACTIVO'),('3c46a9b7-102d-4c91-aab6-0ccf1060ce5c','Figueroa','Bush Farrell','24763184',2,2,1,'ACTIVO'),('3d379849-8fbd-4929-967a-699e1d09d484','Sloan','Serrano Ortiz','64957540',6,2,1,'ACTIVO'),('3d8ba056-25e4-470b-8cb9-a5ffe66c4595','Estelle','Franklin Cleveland','85851794',2,4,2,'ACTIVO'),('3e3548f4-d433-446e-b370-5e9202d3fe2d','Miranda','Cooley Yates','24648180',4,6,2,'ACTIVO'),('3f401474-9f34-46d9-9e1a-e27f5eebfa05','Carney','Higgins Lawrence','57280826',4,2,2,'ACTIVO'),('4019a80c-c5a1-41a9-ab37-2c4055acf4a5','Duran','Moreno Nixon','11263572',1,3,3,'ACTIVO'),('409f3c07-cc98-424c-9d61-2e0aaa9afd80','Jaime','Richardson Mueller','37344679',5,2,2,'ACTIVO'),('40c1f1de-3434-4bc9-84c0-e6bec405356f','Ford','Santos Phillips','87935149',2,2,1,'ACTIVO'),('410ce2a5-2300-4de8-849f-742610549ff4','Hester','Crawford Donovan','43095321',2,1,1,'ACTIVO'),('4153e82f-bfa2-493b-9b2d-7a4c5b228d2e','Humphrey','Lynch Bray','59995439',6,5,1,'ACTIVO'),('41dd0cef-c98c-4ff4-b150-4a0376e30ea6','Lavonne','Medina Tanner','75688549',4,4,3,'ACTIVO'),('42fdeb20-9660-4677-ae7e-cb3a7c4b0d0e','Stevens','Gross Duffy','18394586',1,1,1,'ACTIVO'),('446b45b8-f9b0-478e-b6d6-78c78fc59e27','Kerry','Fuentes Burch','33171030',1,3,3,'ACTIVO'),('454dbb0b-19f5-4077-91cb-324bc7ce312c','Judith','Patel Sears','57529554',2,5,3,'ACTIVO'),('459af399-caba-4315-8b90-1308d9c1bba4','Henderson','Warner Page','42029505',5,6,2,'ACTIVO'),('45bb0fa2-553a-429d-aeb1-7f1690780e93','Jennings','Melendez Roy','73271176',1,2,3,'ACTIVO'),('462b840f-6331-4e35-beb9-542887d75c0e','Isabel','Castro Armstrong','16989360',2,2,1,'ACTIVO'),('46de7e0a-50c0-40c1-8371-23790454ad93','Kay','Ryan Camacho','36527754',6,6,1,'ACTIVO'),('4700e061-8abd-47d9-99d4-21bd3af4a8b1','Fay','Ball Mason','41476676',4,3,2,'ACTIVO'),('47d1e860-7941-4885-a3aa-017fa4c61dcf','Simone','Reyes Cash','70917432',6,4,1,'ACTIVO'),('48127d1c-d4d9-4160-a755-2f4178004e9f','Mack','Rutledge Morrow','55167775',2,6,3,'ACTIVO'),('4878c35c-24f0-4fb2-9cb1-cd4a2b52a4eb','Mayer','Rowe Stokes','46558201',1,1,1,'ACTIVO'),('48947c92-2afb-4265-ba7b-6749d07ea2b1','Dalton','Weeks Bright','99729583',6,2,1,'ACTIVO'),('48b029da-cc95-4f95-93f2-e3a3d7573a5f','Tyler','Sanford Doyle','26241295',5,3,3,'ACTIVO'),('48e52b14-953e-4ef2-9d3d-e0fdbe9a5b00','Cox','Vasquez Foley','78706772',2,3,3,'ACTIVO'),('490b75b8-4afd-4925-afd4-1a3d3b8ed4a2','Juana','Ross Lott','51028510',4,1,3,'ACTIVO'),('4a58ad0e-5a96-4c4a-abee-c5c4cf2623d7','Josefa','Clemons Ingram','35998432',6,6,1,'ACTIVO'),('4a9fe9b8-8213-40ad-944d-ac2110b17b4a','Myra','Goff Franco','40857638',6,6,1,'ACTIVO'),('4aedfcc1-b7e3-4f55-babc-23c1efff5fd9','Paul','Dixon Edwards','61743763',2,4,3,'ACTIVO'),('4b3d232f-9f6d-476b-b6c0-022d70178c9d','Olive','Johnston Conner','14347556',2,1,1,'ACTIVO'),('4c22ba35-6f1e-443d-93e8-0245665b347e','Ortiz','Cortez Wall','90895949',1,2,1,'ACTIVO'),('4cbfb718-b6a0-496f-ba21-c67b17e9cba0','Juanita','Horton Alford','44998672',1,2,1,'ACTIVO'),('4ccbd159-6a31-4e01-8b5a-a6da7806722b','Andrews','Hull Castaneda','16971542',2,2,2,'ACTIVO'),('4d62dac8-d1c5-4511-8511-4209c4286bac','Marcia','Wallace Baldwin','47852727',3,4,3,'ACTIVO'),('4dc569e6-f2e6-4777-a6e6-ead894478fc2','Rosie','Park Riggs','30613828',1,1,1,'ACTIVO'),('4e877275-b74a-4da5-829c-c619a059669b','Concepcion','Mcpherson Cox','86070735',1,5,2,'ACTIVO'),('4eebb645-b47f-4325-ac81-b4a655b1fae8','Mari','Prince Craft','72126703',6,2,1,'ACTIVO'),('4f6272b1-bcc0-42d8-99af-4caa68b40757','Tisha','Lewis Medina','41817637',6,5,1,'ACTIVO'),('4f9542d2-a59e-4927-baf4-bd61381bc3e8','Petty','Fleming Cruz','84862732',2,3,2,'ACTIVO'),('503a1246-011c-4de6-98cd-18ef3da4e6af','Linda','Solis Mcpherson','69652928',1,5,2,'ACTIVO'),('51e7e55c-7c33-4a99-8669-c3749216d87d','Chandra','Logan Thompson','44973784',6,5,1,'ACTIVO'),('52533e66-747a-4cd5-b531-6338106eb70a','Lloyd','Rich Crane','60788329',6,4,1,'ACTIVO'),('534a366e-4782-4094-ac05-9106b4239336','Fannie','Mullins Ortiz','37237837',1,6,2,'ACTIVO'),('53cc6eb8-7a3a-460a-9547-e108ac142097','Emerson','Serrano Moses','19019815',5,3,3,'ACTIVO'),('54069b66-b632-4955-90a1-b72bb541506e','Perez','Arnold Abbott','97750454',1,4,3,'ACTIVO'),('543a5f26-6a4e-4c74-85ba-359c57d8f44c','Edith','Shelton Boyer','16402557',6,6,1,'ACTIVO'),('5523e7c6-117d-4eac-9d81-0d250b48bbb2','Sharon','Rogers Delaney','67162129',3,6,3,'ACTIVO'),('562c11af-6019-4440-b8d0-b719ce27548b','Carrie','Flynn Hendrix','34140113',1,1,1,'ACTIVO'),('56647fcf-f65a-43c2-bc4f-fa59fce55bcf','Elnora','Frye Stout','99534279',6,5,1,'ACTIVO'),('5665f975-dbfe-4823-afad-07313535136e','Hensley','Hunt Lyons','75738889',2,1,1,'ACTIVO'),('57628872-7460-4a0c-b80b-18bcec276495','Coleen','Mendoza Roberson','19025793',4,4,3,'ACTIVO'),('5840dc11-ee1c-4a84-9586-503061fdbb22','Middleton','Benjamin Todd','74713374',2,1,1,'ACTIVO'),('5919f74f-a1ee-4c5c-b36e-2770c35c2cb4','Karina','Nichols Drake','49534537',6,4,1,'ACTIVO'),('59bcf40f-6d6e-4aff-a62e-2cb2e11b6473','Elise','Little Horne','62511111',2,2,1,'ACTIVO'),('5a0689bf-5bdf-4e07-8d86-8bf73e98b8a3','Wheeler','Floyd Kaufman','42805533',2,6,2,'ACTIVO'),('5a0bf666-95ab-4ada-af11-030f08fecd6c','Juana','Mcintyre Villarreal','33860526',1,1,1,'ACTIVO'),('5ac23922-9c60-46d5-ad36-616be56a99a1','Shannon','Sheppard Schroeder','35136690',2,1,1,'ACTIVO'),('5ad53f6f-a807-4e3f-a635-15a59362ae46','Lancaster','Wilson Vance','81875704',1,3,2,'ACTIVO'),('5afa5b4b-df54-441f-8b72-1f14e767cf1f','Chavez','Bailey Mckenzie','91952235',3,2,2,'ACTIVO'),('5b1c387c-7d58-462f-83c0-3fc04b758748','Gaines','Johns David','25079091',6,3,1,'ACTIVO'),('5b3746db-f86a-4f1e-a0e7-4c7644945d7a','Luna','Davidson David','99831639',3,1,2,'ACTIVO'),('5b4f06ff-eb97-437e-a74f-e040daaa8402','Stevens','Clark Beach','50351782',5,3,3,'ACTIVO'),('5ba68dca-c1dd-4b3e-9833-a6ecbe017aa6','Kathrine','Davenport Phelps','33891049',1,6,2,'ACTIVO'),('5bc4c0e9-3fef-45f2-a9fe-4339ca9f2524','Felicia','Garner Saunders','30693312',1,1,1,'ACTIVO'),('5cd065af-8363-4aff-8a6f-3f5d743691f2','Rosanna','Frye York','81143931',2,3,2,'ACTIVO'),('5d7a40f6-602b-4070-8ae5-350db35fd78a','Parrish','Palmer Parrish','97194988',6,1,1,'ACTIVO'),('5eb35f0e-5ecf-4b9b-9f04-3301992a7311','Henrietta','Shields Stewart','58404380',1,1,1,'ACTIVO'),('60b95036-df8d-49a6-ad27-99103123c4f8','Noemi','Valdez Campos','32130655',2,2,1,'ACTIVO'),('60e94342-3dc4-4eaa-b93f-026093db289d','Hays','Andrews Pearson','96340509',4,2,2,'ACTIVO'),('6116adbe-cbc9-4a79-8f70-0a92781decd4','Burke','Stanley Velazquez','78524864',2,2,1,'ACTIVO'),('6148f280-f932-4283-b169-b8d600e6beab','Huff','Odonnell Bartlett','49124569',5,1,3,'ACTIVO'),('61af5358-061c-4b00-bfbf-2d17424924de','Rios','Castaneda Bowen','12622625',3,5,2,'ACTIVO'),('62677779-1147-403c-9920-a6a759f6cd5a','Sargent','Terry Myers','16198173',5,4,2,'ACTIVO'),('626919f1-6edd-47d5-b372-325964d2a9c7','May','Richmond Hutchinson','75097209',5,4,2,'ACTIVO'),('63584154-0493-4d7a-917f-d0bca414bd83','Puckett','May Collier','89026346',4,2,2,'ACTIVO'),('63f13919-5c13-4471-afe0-67e5f3103597','Sheppard','Byrd Vang','93610267',1,4,3,'ACTIVO'),('644d2896-b87b-43a6-922e-9c506a23b9ab','Irma','Burt Dillon','12655761',6,6,1,'ACTIVO'),('64742914-a2fc-49c4-b0af-9aa2f3ba7a14','Noreen','Hyde Donaldson','50954573',5,6,2,'ACTIVO'),('64d7dcd0-92ad-430b-84d2-3e8712cc6f31','Levine','Cruz Guerra','80397979',6,6,1,'ACTIVO'),('6531655c-b138-4644-9376-46672d82a929','Christine','Colon Silva','91127486',6,6,1,'ACTIVO'),('662b9624-3d12-4eab-850e-0a04601476fa','Small','Rivers Weber','83097765',3,3,2,'ACTIVO'),('66617177-7e23-498e-87a1-2f885ec662ab','Key','Walls Beck','99736686',6,3,1,'ACTIVO'),('67992f4f-338b-4040-abec-21c093163269','Rebecca','Velasquez Kelley','14452592',5,6,3,'ACTIVO'),('68e1d13e-4212-4e55-9043-cfaba55e456b','Suzanne','Giles Baker','68604157',4,1,3,'ACTIVO'),('693c17b8-9f96-4ad4-b414-87a0dc1ad38a','Wilda','Marsh Aguilar','36657840',2,1,1,'ACTIVO'),('6a9985f8-2f10-4a6e-b76c-9df418d79f9e','Morton','Sawyer Rodgers','73961367',2,2,1,'ACTIVO'),('6aa24341-308e-44bf-9d00-c6d23a11566c','Willa','Jacobson Sexton','39425982',3,3,2,'ACTIVO'),('6ac85255-4683-4a46-91be-7abd221d1ae9','Corina','Sloan Webster','24960709',5,5,3,'ACTIVO'),('6c717ae6-d568-4c42-bccd-ed40021dd417','Cassandra','Gutierrez Hanson','92735850',3,4,3,'ACTIVO'),('6cb1565f-be33-436f-a660-a69e3abfdca2','Peterson','Blackwell Patrick','60624317',6,3,1,'ACTIVO'),('6d345ad8-7e31-4782-87d9-2cc7a5069978','Crosby','Hooper Nichols','90041976',2,1,3,'ACTIVO'),('6dbba72a-d0b3-48ef-9c2c-8b6bacbb9ccb','Ferguson','Aguilar Dillard','75840470',3,3,3,'ACTIVO'),('6fadbd8b-ee23-4b6b-84db-e2da359695f7','Marietta','Lloyd Boyer','53262324',4,4,3,'ACTIVO'),('6fbd7dc0-0553-42ee-9b49-358d8385cb01','Nettie','Watson Lamb','97085182',6,3,1,'ACTIVO'),('6fcab1a7-a151-4dee-b30f-8c458612eaa1','Hunt','Stewart Chang','93446436',4,1,3,'ACTIVO'),('701e5632-afcb-4824-9530-81e4f5fe070a','Sharron','Ellison Bailey','57842268',2,3,3,'ACTIVO'),('70488124-013b-42e4-a3f9-27e694f8bcf6','Sparks','Snyder Rush','54524012',4,2,3,'ACTIVO'),('70a8b7de-071a-4313-88ba-67fa5be35df5','Salazar','Mcgee Day','92184641',6,1,1,'ACTIVO'),('70bd7aaf-0efe-424e-a554-1215a94cd2df','Laura','Fuentes Bridges','19076748',4,1,3,'ACTIVO'),('7119bf93-c37e-4067-a666-917077a9dbb1','Marianne','Burke Battle','29040158',1,2,1,'ACTIVO'),('7174dd7e-c579-4461-89c1-17cb8b741b2d','Beard','Chapman Floyd','23975532',1,1,1,'ACTIVO'),('718ccca4-2ed3-4fec-9afc-142c84c55cef','Bass','Bartlett Hull','90746844',2,3,3,'ACTIVO'),('71c4ffbd-5085-41ae-8818-bb1c9d615025','Fox','Montgomery Hartman','38002465',3,1,3,'ACTIVO'),('725df7d9-1aa6-4275-a367-dfd7926701a1','Rutledge','Owen Maxwell','24385584',2,4,3,'ACTIVO'),('741702fa-b585-4afb-8d28-e8056cdee85b','Janell','Haney Olsen','15118244',4,6,2,'ACTIVO'),('744e591b-8623-4f5d-aa56-c10b06470c7b','Erica','Bond Fernandez','20858267',1,3,2,'ACTIVO'),('74f2c268-b525-4798-abba-66c94ccb6da1','Lana','Acevedo Hahn','24522568',2,2,1,'ACTIVO'),('7500a357-c48a-478c-bd19-d47a5f98ec93','Gallegos','Holland Huber','84640253',1,1,1,'ACTIVO'),('761785df-0f71-4305-a2aa-d32887d2f85e','Janis','Hardin Dalton','64868209',4,5,2,'ACTIVO'),('76a6a659-5468-4ed7-a394-7c3ad889bacf','Roberta','Leonard Gray','13988163',2,6,2,'ACTIVO'),('76b55180-c8be-456e-b0e5-c452fbc88346','Britney','Spencer Erickson','15399867',5,1,2,'ACTIVO'),('770fda2a-236b-4cef-bc33-016dc8e2d21f','Ochoa','Mcdonald Trujillo','14966778',5,1,3,'ACTIVO'),('775cb4e0-49d5-4265-be41-3507ad3c42f8','Stella','Key Lewis','88329388',5,4,2,'ACTIVO'),('77de6626-f636-4c8f-b911-c5f1d9cdc451','Saundra','Harris Lucas','21125264',6,1,1,'ACTIVO'),('77ef5edf-f12a-4cb0-bf05-629a98992b63','Cherry','Fisher Holland','19448977',5,2,2,'ACTIVO'),('79904ec5-5ed8-4699-b34c-ba0bd8b2a1f4','Leonard','Vang Harding','97746972',1,1,1,'ACTIVO'),('79a4f383-b43c-448f-b894-c4dac02c6f02','Arnold','Montgomery Burch','65618938',1,6,2,'ACTIVO'),('79c2b79c-28fd-405b-a792-71b9a909243d','Ryan','Mcneil Baker','35188425',1,1,1,'ACTIVO'),('7b120bc1-8f42-43e9-ad6c-a45205308625','Compton','Hopkins Rivas','22215344',2,2,1,'ACTIVO'),('7ca39a13-ceee-4412-8664-80f97369e38a','Brenda','Weaver Koch','41282899',5,6,3,'ACTIVO'),('7ca50474-b797-4870-8a24-6d03272071da','Shanna','Hendricks Anthony','52797827',2,1,1,'ACTIVO'),('7cd511ec-0e39-426b-a89b-87c1b1395c3a','Doyle','Mclean Stone','19453877',2,5,2,'ACTIVO'),('7d3fe595-0526-4723-b2e7-774102e65cf5','June','Sellers Carney','76597332',2,2,1,'ACTIVO'),('7db5d388-0d75-4c4f-be47-f2b1d5d37f31','Farrell','Flowers Hays','65939310',5,3,3,'ACTIVO'),('7ddeafed-c7b9-4d8a-95a0-dd3e6f92dc4b','Massey','Mcclain Abbott','77163733',6,1,1,'ACTIVO'),('7e4b3e40-6e6f-4b07-9323-bf54b3db338a','Georgina','Robinson Oneal','22976566',1,3,3,'ACTIVO'),('7e9b26af-cacd-44a0-87d5-26c4646174c0','Ester','Carrillo Patterson','66208255',5,4,2,'ACTIVO'),('7fb0f97b-5e93-43a1-8c99-38967029d06d','Jan','Slater Bright','64767873',2,5,2,'ACTIVO'),('8049d1c3-2907-47bc-b706-8e2617a2a21c','Donovan','Gibbs Banks','65334246',5,3,3,'ACTIVO'),('80522b8e-3559-4188-9586-40004659a2ce','Jeri','Travis Brock','63195303',4,1,2,'ACTIVO'),('80a4578d-00b1-492b-ad62-4a378bda9822','Noemi','Mueller Mcintyre','26787599',4,4,2,'ACTIVO'),('80f334b3-0e4d-4967-8544-a42fa9095581','Latoya','Green Knowles','25241615',2,1,1,'ACTIVO'),('8126e05b-8f27-429b-9566-daf63f6b5f87','Julia','Blanchard Thornton','14494251',1,4,2,'ACTIVO'),('824e5a9a-0002-4866-8a1b-cd4499b38064','Jessica','Dominguez Bowers','44718332',2,2,1,'ACTIVO'),('8251851a-2e35-4f7c-9e63-3a9518ef31c2','Jefferson','Peters Stuart','30575970',6,4,1,'ACTIVO'),('8268ec11-c4e5-482a-afe6-90834f272823','Chase','Small Campbell','82851884',1,2,1,'ACTIVO'),('8284e042-7085-48af-8fe0-888f6709cced','Riley','Reese Clarke','61451975',1,4,2,'ACTIVO'),('837eccdb-9e9f-4c96-9466-a37b6a477d5e','Karen','Mcgowan Klein','37875944',4,6,2,'ACTIVO'),('83cf6bb9-dc88-4495-8a58-3cb6ca2906a1','Diann','Joyce Rice','54836048',1,2,1,'ACTIVO'),('846af660-3699-410d-86e8-7c1005aa444c','Adrian','Bauer Mcknight','39312367',6,3,1,'ACTIVO'),('849be176-fe26-4837-ae04-2afd28645f54','Dina','Cummings Ware','96207175',4,1,3,'ACTIVO'),('84cbe6d8-fd78-408c-ab7c-e67499e1b9f0','Tonya','Swanson Hatfield','28202623',2,5,3,'ACTIVO'),('852f4ee6-6897-4986-9e92-cf76e6825f55','Carrie','Sweeney Fitzgerald','89670188',4,3,2,'ACTIVO'),('85c7e1c4-4ad6-46f5-a61d-4ba469e79c51','Pat','Nunez Curry','17373615',3,5,3,'ACTIVO'),('86e6b984-538e-4451-8590-3ede47b6d073','Liz','Lloyd House','13333816',5,3,2,'ACTIVO'),('8702d0e0-8240-4f06-a775-e2c4253778bc','Alberta','Roy Mueller','56048303',6,6,1,'ACTIVO'),('8724164e-e427-4650-b64e-6d31c18e4415','Bessie','Herman Dudley','13124493',2,2,1,'ACTIVO'),('88878feb-7747-46bb-8ecb-5916ae838d61','Lenora','Rutledge Irwin','55816755',2,2,1,'ACTIVO'),('88fcaead-5383-4841-b2b4-192b26ba19e7','Elsie','Weeks Gregory','51148595',1,2,3,'ACTIVO'),('8980b11e-8c74-4e0d-a9a5-2e4834242d2c','Mann','Wolfe Huffman','84826035',3,2,3,'ACTIVO'),('89f3a752-f066-498c-98f8-d96d298da3d1','Solomon','Moody Wilkins','87118011',5,5,3,'ACTIVO'),('8a1f3b1d-d370-4e8d-9cd7-bdcc15c27c5f','Jillian','Mathews Fisher','99122986',5,6,2,'ACTIVO'),('8b0c49cb-ecc9-4260-8636-4ac9ad13e805','Chang','Mcbride Wheeler','13325025',2,3,3,'ACTIVO'),('8b616011-22b2-4198-8d2d-947c405337ee','Adrienne','Bentley Peck','58073972',2,2,1,'ACTIVO'),('8c52bc22-0da5-4177-b5af-5e7885e151ce','Griffin','Adkins Chambers','69661835',6,1,1,'ACTIVO'),('8d305545-b1cf-41aa-8088-6065b7ebd0aa','Rose','Delaney Hooper','72882080',1,2,1,'ACTIVO'),('8d4888da-3b3e-49b6-babf-9afc887aafb0','Dionne','Porter Leblanc','19236990',1,2,1,'ACTIVO'),('8d510e2f-2251-4f9f-814b-daf455751eeb','Gracie','Palmer Good','10258729',4,3,2,'ACTIVO'),('8dd1ece6-b0b4-460c-b12c-b8bd0a585e72','Roach','Sampson Mathews','29262771',6,1,1,'ACTIVO'),('8ddb13db-8e57-47ed-9b5f-0266b06673da','Marian','Massey Crawford','34824971',5,3,3,'ACTIVO'),('8e3bd930-3e39-48d1-b945-6c85cc01ba61','Martina','Fernandez Haney','19906887',6,6,1,'ACTIVO'),('8ee26cf3-359b-4703-8200-8536d6b75aba','Kenya','Ashley Tucker','89192128',3,5,2,'ACTIVO'),('8fabb1cf-aa13-421c-9bab-f22adc7a090c','Kennedy','Herman Ellis','97330489',5,6,2,'ACTIVO'),('90314c3c-e59c-469b-abc5-c72d789b3729','Becker','Savage Humphrey','56505820',6,3,1,'ACTIVO'),('907a4c9a-d344-46e7-a03c-f6ba2852b30d','Briggs','Howell Irwin','88801056',2,2,2,'ACTIVO'),('90cbf8da-aeea-47c3-bf4c-9237f0b2c856','Becker','Andrews Rhodes','79483425',1,1,2,'ACTIVO'),('910ab8bd-19d8-4db6-8fa6-00829a715a7a','Lott','Sawyer Bruce','58351326',6,1,1,'ACTIVO'),('92dede20-9a0e-4551-ae21-f9a46a15bc9a','Marcella','Guthrie Holt','95061211',6,6,1,'ACTIVO'),('9308b372-bb51-4627-85ec-7f5dee16a079','Beck','Gray Patton','66149844',4,4,2,'ACTIVO'),('9309b37f-9aa9-4b74-ad34-0fbb53c0dfcf','Castaneda','Young Roach','57148404',4,1,2,'ACTIVO'),('9316bab3-b2c8-4a14-9295-dd4afe90bf6c','Welch','Larson Powers','47492467',1,1,1,'ACTIVO'),('9460b38b-4a68-48a7-aba7-aec9124bbf45','Janie','Ewing Mcknight','90060419',3,1,2,'ACTIVO'),('94e95836-53c2-40f6-93ef-92b11328a2fe','Eloise','Herring Mcmahon','64655158',6,4,1,'ACTIVO'),('950a1119-d0bd-42b8-a8e0-db85d3ec4772','Guadalupe','Valencia Guerra','68181130',2,4,2,'ACTIVO'),('9574b06c-991b-4528-a019-33ba292549c5','Rosetta','Mitchell Wiggins','25940298',3,3,2,'ACTIVO'),('95f7f4a0-c5c2-451f-b2e4-badaf96f4435','Ayers','Glenn Cook','31851784',6,1,1,'ACTIVO'),('960f46e6-f3be-48ae-8997-03bbf016a6f2','Malinda','Wong Hubbard','89517186',4,4,2,'ACTIVO'),('9638d818-be70-4859-9ead-2448c07e0775','Dickerson','Lawrence Tillman','99780964',1,6,3,'ACTIVO'),('97822567-fba3-4ff0-8cb4-99d094767f89','Blake','Drake White','44475147',4,4,3,'ACTIVO'),('97b4662b-36e8-4b27-a811-f9aa40a04cbf','Frye','Farmer Wilkinson','52388600',4,5,3,'ACTIVO'),('98298527-180e-4c93-9327-0ff3b77952b2','Lauren','Hurley Graves','47136268',1,4,2,'ACTIVO'),('982bdb27-4546-47ed-a6f5-6f21642d1660','Tanner','Carrillo Ferguson','47532568',2,2,1,'ACTIVO'),('994c5f4a-c465-463d-af1f-ebe8936333a4','Vicky','Wilcox Larson','60876002',1,6,3,'ACTIVO'),('99613f5c-fb70-4cc6-bcbd-be67045de31c','Kara','Small Clements','36733154',6,2,1,'ACTIVO'),('99802a12-317d-488b-81ea-2024e1de26f8','Peters','Battle Mcgowan','85721343',1,6,3,'ACTIVO'),('99a03e62-3906-4e2a-a5a2-fbda5681ea5d','Tanner','Berger Woodard','38949539',5,1,3,'ACTIVO'),('99c15045-75ab-4606-a9c1-0362181cf258','Nikki','Holden Morrow','51037595',2,2,1,'ACTIVO'),('9a128560-6d43-43a3-aa55-6b9accfd4c4e','Delgado','Montoya Collier','35393185',6,2,1,'ACTIVO'),('9a2af56e-b083-4a60-a6c0-5c2d4a39927b','Sybil','Griffith Skinner','50161613',6,5,1,'ACTIVO'),('9c04d320-10b2-4352-b40a-7a4772722cc2','Allie','Whitehead Armstrong','65248301',3,5,3,'ACTIVO'),('9cac93aa-3c27-43e6-b4cb-0bee3e7efb9a','Myra','Moon Yang','61372106',1,1,3,'ACTIVO'),('9d38b475-7831-48cd-9d52-a0b788dc127a','Bethany','Madden Ellis','36590654',6,6,1,'ACTIVO'),('9d6f426a-7969-4955-87c3-8c8283b07e73','Alyssa','Cortez Dennis','57042743',4,6,3,'ACTIVO'),('9ddb9c10-f2b7-4583-926a-86c790641678','Saunders','Mathis Harrison','56454021',3,1,2,'ACTIVO'),('9e4e2b93-4f69-44fd-8f7f-78d56a936cf5','Beryl','Mullen Yates','74859755',1,3,3,'ACTIVO'),('9f0c718f-90cf-4e11-8093-df4dcd5891e7','Lyons','Crosby Ferrell','29601774',3,1,2,'ACTIVO'),('a14fd00a-895e-4754-889e-b07ac2b959d2','Booth','Solis Sutton','14597107',6,5,1,'ACTIVO'),('a19b9f5b-dd10-4e45-a6c3-7fe78061f404','Millie','Justice Caldwell','93542082',1,1,1,'ACTIVO'),('a1cfd915-65dd-495d-9c9a-ac6abf480175','Pratt','Golden Koch','65487785',6,4,1,'ACTIVO'),('a24bebbc-3fb6-425e-a2eb-b4b5b73bc8cf','Wilda','Blanchard Odonnell','87950400',6,5,1,'ACTIVO'),('a3672f50-2371-4f83-bfb5-5c1f407e945a','Tamara','Hensley Rivera','43179828',5,1,2,'ACTIVO'),('a4b764fd-f0af-439c-af5f-3d4848255c26','Downs','Barry Abbott','91968024',4,5,3,'ACTIVO'),('a4e006cf-bef3-4986-aa2b-d5c8c284f79c','Pitts','Ross Christensen','89209666',1,2,1,'ACTIVO'),('a51bffa5-44a1-4b29-927b-fb355949a0ac','Autumn','Gamble Stephenson','49729241',6,3,1,'ACTIVO'),('a5e70dd0-7e87-4099-a9cf-6e9a7e52cb14','Sosa','Pruitt Harvey','80591390',5,3,2,'ACTIVO'),('a72a2784-c76e-4686-8544-4eb612a0d484','Selma','Brewer Mckee','35916429',4,6,3,'ACTIVO'),('a8a4c303-095c-4eda-b17d-381b71468c04','Glenn','Head Burks','70877786',2,2,1,'ACTIVO'),('a8ed3208-01cd-4fb9-a339-80b05c81f187','Barlow','Petty Garner','29573135',3,2,3,'ACTIVO'),('a90183c8-2043-46dc-b8e0-a95e49066400','Sherry','Morse Alston','36098189',1,2,2,'ACTIVO'),('a9540612-223c-410e-9176-a7a6b8fdec13','Wong','Ward Schwartz','49174484',1,1,2,'ACTIVO'),('aa26c730-3340-402a-970c-618c12eb2fdd','Downs','Small Carroll','78751178',3,6,3,'ACTIVO'),('aab91355-221b-408d-a656-ad1519d929b9','Elisa','Aguilar Slater','89917957',2,5,3,'ACTIVO'),('ab5a8fec-5dc8-4607-a71a-a218faeec6bb','Turner','Cobb Eaton','77322570',6,5,1,'ACTIVO'),('abbfc069-808a-47d2-8a99-f4afbb1ad6ae','Sherri','Riley Keller','24498299',4,3,2,'ACTIVO'),('abcf8e05-c50a-4377-995a-9da0d3bc567c','Bradshaw','Dennis Rodriquez','68157602',6,4,1,'ACTIVO'),('ac08dc9d-d2ff-4f81-a03e-e6e9cfb92e5d','Schmidt','Morrison Riddle','66687273',5,3,3,'ACTIVO'),('ae2ed286-7ee0-4b44-8b07-c83f631547e0','Madden','Hancock Conrad','78462676',2,2,1,'ACTIVO'),('ae6b912b-9180-40f7-9ade-22af3765f4e1','Newton','Burris Calderon','77372129',2,4,2,'ACTIVO'),('af008216-f64c-479e-8cd1-c13127af4364','Erika','Daugherty Crosby','93332570',6,6,1,'ACTIVO'),('af5253b9-2e1d-4392-ba86-d533bf55c6f6','Lucile','Howell Santana','24808711',2,2,1,'ACTIVO'),('b01326fd-710d-46f5-b143-8d00146bbc0e','Kenya','Walsh Simmons','46670745',1,2,1,'ACTIVO'),('b127d110-a454-4ee4-80c1-934e6df9d5d6','Navarro','Frost Garrison','21625143',1,3,2,'ACTIVO'),('b1333ae8-61b6-49c1-8901-6f7f00a07520','Salas','Woods Odom','59232664',3,6,2,'ACTIVO'),('b1877e3a-2193-41aa-b352-ad7440ddc8a7','Wooten','Downs Greer','82196839',6,1,1,'ACTIVO'),('b18842c8-b676-4789-bacb-67dd12528a47','Sawyer','Meadows Norman','44415277',4,1,2,'ACTIVO'),('b1dbb486-6aee-4b41-9289-6c9232197ce6','Gretchen','Patton Knapp','76394457',4,1,2,'ACTIVO'),('b2af67b8-9d63-46b6-beb8-f15d7cf461f4','Corine','Cantu Mooney','98753721',5,3,2,'ACTIVO'),('b3a83fd2-f911-4ea5-bd03-a2b60194bd5f','Randall','Le Cabrera','28162682',1,1,1,'ACTIVO'),('b3aa9f32-d26f-4d8e-b25e-47401bb8d58e','Weber','Pierce Dunlap','45020476',1,1,1,'ACTIVO'),('b3c57dbe-668c-499a-94a6-b5eca20f80fd','Mcmillan','George Cantu','26830087',6,2,1,'ACTIVO'),('b3f5b7e7-ae17-4cc8-8c1c-3ff3427e0209','Jeri','Barrera Madden','64563082',1,3,2,'ACTIVO'),('b3fcfcd9-cac9-481d-ae66-5c0d2a20a1a2','Mathews','Chan Blake','51967827',4,5,3,'ACTIVO'),('b47fc633-2be8-482c-a694-cafa51779f87','Lynn','Best Holloway','37599375',1,2,1,'ACTIVO'),('b58b2f8a-e93f-46b7-88e6-8ec4eaecdb0d','Coffey','Lindsay Castillo','57720208',5,1,3,'ACTIVO'),('b5d63155-d7ac-46c0-a27d-83c0bc0a2c7e','Black','Williamson Riggs','69822265',2,5,2,'ACTIVO'),('b5fc7963-7a2b-4d3c-815e-84f99f2fde45','Olson','Copeland Ballard','91506783',2,4,3,'ACTIVO'),('b615ed9f-4853-4764-8f25-21d1a63c449a','Genevieve','Wall Beard','80579514',5,5,2,'ACTIVO'),('b62272f2-2267-4563-9f2c-3b177133f10d','Townsend','Gates Ruiz','87588370',5,4,3,'ACTIVO'),('b69822f9-0050-4b16-b755-e457b41350bc','Carly','Chapman Mack','24297284',3,6,3,'ACTIVO'),('b6c8e169-d303-4a18-b6e9-d7aa0f71aa0d','Raymond','Durham Vazquez','70058186',1,2,1,'ACTIVO'),('b6f2e7e5-ce54-4134-86e6-9748eb2f152c','Isabel','Brennan Pate','42302078',6,4,1,'ACTIVO'),('b767738c-a466-4316-b52f-b7ab1abc477d','Gould','Leach Mcfarland','52137253',2,2,1,'ACTIVO'),('b797d856-ddc4-41bf-a7b3-1be6154a1ca5','Stacey','Figueroa Fernandez','31637809',2,2,3,'ACTIVO'),('b79b41f9-2f65-4b2b-a11b-aacae60fd54f','Zimmerman','Pena Velasquez','96354008',6,2,1,'ACTIVO'),('b7e68e16-d395-4530-a548-09aab23b60db','Minerva','Allison Gentry','19616973',2,5,2,'ACTIVO'),('b8cc48cd-8392-472b-a635-2294e24eb860','Joseph','Rosario Browning','72495828',1,1,1,'ACTIVO'),('b8f4c4b2-65d8-4930-ab48-d674e6221169','Phillips','Richardson Bush','36095011',1,2,3,'ACTIVO'),('b98615b4-ef31-4632-b1e4-8797f8fb5bfa','Mildred','Finch White','19107169',2,2,2,'ACTIVO'),('b9f0701a-db00-4f5b-94b7-fab80af29f0e','Vinson','Perkins Bowers','76457462',3,6,3,'ACTIVO'),('ba1c4b05-8414-445c-86c4-2594026e89f1','Raymond','Scott Burnett','92237527',4,4,3,'ACTIVO'),('ba843e58-453c-4e59-9158-daab2d672aee','Moreno','Vinson Murphy','54750565',6,3,1,'ACTIVO'),('baa61206-3cea-4d71-b77e-a41c63e0dc9a','Ramona','Branch Norris','14397771',1,5,2,'ACTIVO'),('bae6f1f1-b50f-4da8-8dc4-dc13835de84f','Jessie','Washington Lynn','47234083',2,2,1,'ACTIVO'),('bb17a062-9f80-4218-add6-6972ac87bf15','Harriett','Preston Lucas','51120268',1,1,1,'ACTIVO'),('bc70adba-8c28-4774-b8fb-7582cba5aed6','Mclean','Glass Le','60989134',2,4,2,'ACTIVO'),('bd1bb1be-3313-4035-9353-de4f4b1fa9ab','Valentine','Black Cooley','94739056',1,6,2,'ACTIVO'),('bd7f75c6-2624-4605-8f0c-ad4e6b837d6a','Edna','Shepherd Ball','96001571',2,6,2,'ACTIVO'),('bd87abb3-c72c-4a9f-8c5a-017709d4ed3e','Isabelle','Hall Berry','36370424',1,1,1,'ACTIVO'),('bd99d913-5696-4f62-827a-dc6550eb4842','Robbins','West Simon','71368306',5,1,2,'ACTIVO'),('bdb50b36-9c87-4386-9f3a-37fcf5ddd621','Kaufman','Jefferson Goodman','68290805',3,6,3,'ACTIVO'),('becf5a6d-9d38-4ae9-a8b9-85fdae123f15','Diane','Parker Mcpherson','68931906',2,1,1,'ACTIVO'),('c00ca2d9-b919-4844-8678-0d68d38d71ba','Dalton','Long Ratliff','40855053',2,3,2,'ACTIVO'),('c02709ae-f081-4961-8a1f-34bec822fd63','Reyna','Sandoval Rivera','15957008',5,2,2,'ACTIVO'),('c0390251-3732-450a-a522-e600f140f555','Banks','Perkins Payne','51423774',5,6,2,'ACTIVO'),('c0c5412f-55ce-4716-8f7e-11e75f662d72','Jackie','Jordan Knapp','94739916',2,6,2,'ACTIVO'),('c0ec2f7d-0c9a-48f6-bcd2-e7277a51beec','Montgomery','Guthrie Malone','46605455',5,6,2,'ACTIVO'),('c1e739fb-b953-473e-87ee-e6870d6ae888','Alex','Zurita','12345678',5,1,3,'ACTIVO'),('c26f07d6-e141-44b0-aa24-f9aa5fe991da','Wood','Houston Sutton','16983113',1,2,1,'ACTIVO'),('c2992100-dfe2-4e35-b738-4de6b1a0831f','Marianne','Wilcox Miles','40812332',6,4,1,'ACTIVO'),('c3766933-a852-43b2-94c1-184ee55a7cf3','Dona','Rosa Becker','95596754',3,6,3,'ACTIVO'),('c3a88782-693f-40c2-b992-0a37c87fa792','Susan','Marks Mccormick','37815889',4,5,3,'ACTIVO'),('c3bc02b6-d2e2-4f48-9766-aa1bf66ea35b','Franco','Wilkerson Finley','40654262',2,1,2,'ACTIVO'),('c4afa6f3-1193-4b8b-bae5-bc2f63062f8e','Fleming','Shields Lawson','65007271',5,5,2,'ACTIVO'),('c543b126-3492-4a50-9755-1f1a2a0bd678','Little','Woodard Case','91665443',1,6,3,'ACTIVO'),('c60d8b02-f266-48b0-99b0-6bf578dc63a4','Sue','Gomez Rocha','49641198',3,6,3,'ACTIVO'),('c6fe952b-6de0-4406-bf46-50d7a1100355','Norman','Bullock Barry','88353140',6,6,1,'ACTIVO'),('c71f6435-7273-432a-85ee-6b82318abfe9','Blevins','Vaughn Wood','95108459',1,4,2,'ACTIVO'),('c7a1c4cb-08d7-485f-8df0-a23d55f1bbe6','Sylvia','Oneill Reynolds','61698498',5,2,3,'ACTIVO'),('c7ead88a-ccc9-4fd4-b285-62572177d66c','Freda','Joyner Fisher','39576325',6,6,1,'ACTIVO'),('c8340fc8-5d5f-402b-ac0a-1d00d9b85660','Hayden','Rodgers Hamilton','88177317',6,3,1,'ACTIVO'),('c8a88a43-86bd-43ed-b1cc-0a958df08a28','Margie','Arnold Hicks','86608019',6,5,1,'ACTIVO'),('c9122bf6-ba9b-4f6d-89d0-83d126cac59a','Rhoda','Roth Schroeder','62216718',4,5,2,'ACTIVO'),('ca21f8cd-5db0-42de-bef6-38f622c85196','Alana','Carson Saunders','80414924',2,6,2,'ACTIVO'),('ca47381b-ab0b-4837-ac89-c5a540f5942d','Darlene','Guerra Barrera','80592804',2,2,1,'ACTIVO'),('ca4b8408-bdb5-407a-a0a4-45fcf8f2b70b','Shannon','Garza Beach','25654303',6,4,1,'ACTIVO'),('ca635d00-f195-4427-acd5-477d466ac929','Wendi','Buckner Calhoun','66526313',1,6,3,'ACTIVO'),('caad1a1f-fab1-4cd7-97be-cd08439826e6','Henry','Sharp Bird','56415761',1,1,1,'ACTIVO'),('cb00102e-b99d-430e-aa5e-d54431ea882a','Stuart','Murray Perez','35616804',4,3,2,'ACTIVO'),('cc037cc8-f602-47b2-92a3-12147adbd73e','Kristi','Flowers Harrell','42452198',2,2,1,'ACTIVO'),('cc922137-d6e7-471a-a5cd-31860741f14f','Williamson','Waller Solomon','56427332',4,6,3,'ACTIVO'),('ccc02730-7846-42e4-8713-9c38b4cacb79','Cotton','Dillard Flynn','74698476',3,3,3,'ACTIVO'),('ccc73b5b-fc43-4c6b-8a0a-019f75060a36','Hurst','Zamora Rhodes','41713043',2,1,3,'ACTIVO'),('cdf9602f-f3af-4ca5-a6d1-2bca1c752844','Dianna','Lott Justice','81486753',6,1,1,'ACTIVO'),('cdfb78be-2ab3-4b82-9c57-d9adf21aeca8','Leila','Blair Horne','45264820',6,4,1,'ACTIVO'),('ce3a5620-ab23-4b30-b08c-25603af33b72','Patrick','Vazquez Peters','60511330',3,4,3,'ACTIVO'),('ce9cb501-d544-4e7b-ad44-a9e835c7dbfa','Alyce','Conrad Byrd','14289914',2,5,2,'ACTIVO'),('cf189120-de7a-4d4e-8f88-bf89506f4793','Nichols','Stevenson Mann','74531731',2,3,2,'ACTIVO'),('cf3fae64-2261-4c68-946b-1dd3d6f83791','Vincent','Phelps Harrison','58559962',1,1,1,'ACTIVO'),('cf4f28c1-6865-4cf2-bb03-6c396bbaad67','Preston','Quinn Durham','45233767',6,2,1,'ACTIVO'),('cf7a33ec-a012-4104-a6c9-fdcb59436e64','Wolfe','Moore Brock','71171026',1,2,1,'ACTIVO'),('cf8231e8-5b91-48ac-a231-5b46ceb04c2f','Dodson','Sweet Holden','38412080',4,6,2,'ACTIVO'),('d0160b88-6368-44d0-90fc-8cdc270a2870','Darla','Schmidt Hester','52220895',4,6,2,'ACTIVO'),('d01ed3b1-9235-497d-859c-6907b551afcf','Rochelle','Buckner Gonzales','51757030',3,2,3,'ACTIVO'),('d0546efc-b946-47b7-b201-6f469de5aecd','Peggy','Phillips Riggs','98804347',5,4,3,'ACTIVO'),('d1cc0b6e-cf74-4a95-a4f0-4e8f232c2c52','Kitty','Hartman Randolph','85889173',5,2,3,'ACTIVO'),('d2f3ee84-9816-48a7-806e-914aa6f5c7cf','Barber','Hobbs Cote','67024681',2,1,3,'ACTIVO'),('d301e5c1-dd8e-4464-8471-7939275f0844','Celina','Hamilton Lynch','73190504',5,2,2,'ACTIVO'),('d365a250-eb07-4107-a7db-8c14029c1ff1','Carolina','Kirkland Clemons','92624077',5,1,3,'ACTIVO'),('d3698821-7637-40fa-88cd-cc02db5e9a23','Marci','Cruz Salazar','51814536',4,3,2,'ACTIVO'),('d3eca5fa-1343-4707-83d5-2da897323a2c','Lorraine','Smith Kent','83922354',6,5,1,'ACTIVO'),('d4dfc83d-df24-4daf-983e-116deedf3964','Silva','Hansen Hood','74170810',1,6,2,'ACTIVO'),('d5c78b24-216e-4d3f-bb97-df4ca2af82b2','Burks','Carpenter Joseph','85564556',2,1,1,'ACTIVO'),('d6030f69-1592-407e-a5ce-f1eb5e660e5e','Beverley','Powell Cook','43686166',3,2,3,'ACTIVO'),('d6140b5f-3384-4cb8-a41a-422823f40063','Jacquelyn','Fry Conway','63066205',2,1,1,'ACTIVO'),('d66b4095-8557-49b2-b97d-1753127d8db9','Eula','Page Morris','97611296',1,5,3,'ACTIVO'),('d6cc7b0e-3450-4298-b71f-235c9f8929be','Stevenson','Daugherty James','43764014',5,6,3,'ACTIVO'),('d700a2a7-409f-49cb-8a7f-dda81ada458f','Hughes','Fry Schmidt','50378842',4,5,2,'ACTIVO'),('d78f007b-ed0e-4d69-b4c0-4b749ba6d47e','Mcbride','Landry Mccray','73101989',6,1,1,'ACTIVO'),('d7de71b1-446a-46b4-ad31-6cb197c2d268','Lina','Salas Tyson','96664631',1,2,1,'ACTIVO'),('d81dfa54-438c-46a5-89c8-78c632501d43','Horne','Woodward Mosley','82777894',1,5,2,'ACTIVO'),('d81f9eea-672b-4d2e-aacd-5276128003c7','Alexandria','Meyer Valencia','53722815',2,2,1,'ACTIVO'),('d8249715-27de-47f8-acef-4ff73ef6ade6','Carroll','West Cardenas','52276320',3,1,3,'ACTIVO'),('d8b07656-1e9b-4aad-9e6d-67821fc2e2a6','Tate','Waller Henderson','50580679',1,1,1,'ACTIVO'),('d8b6ebcc-159b-4c76-ae92-212b9494bdf6','Douglas','Potts Kane','18447754',6,4,1,'ACTIVO'),('d9237196-603d-4be4-b23e-80082ff65d27','Tonia','Buchanan Duffy','65105272',5,5,2,'ACTIVO'),('d9b2df33-f13a-4a21-af1a-ac898d224f7c','Dena','Mcconnell Castillo','62218350',2,1,1,'ACTIVO'),('db4cbc07-b859-4088-9329-a1fc94493cf5','Holmes','Knight Wright','59620355',2,4,3,'ACTIVO'),('db828fc2-5376-4eee-866c-036ef9d8014c','Felecia','Williams Barlow','39210873',2,6,2,'ACTIVO'),('db886c8f-fef6-4667-8aa2-c941074fdb11','Irvin','Torres Escalante','87654321',5,1,3,'ACTIVO'),('dc6bcc17-6aa9-4fc0-9193-f08465fd1307','Milagros','Landry Kirkland','81452997',2,1,1,'ACTIVO'),('dcf425cd-cde5-4ddf-9032-14da1d4eea85','Boone','Griffith Tate','25389888',1,2,3,'ACTIVO'),('dd29004f-36c3-452e-93d6-fbf5c4f38213','Miller','Richards Prince','90896608',1,2,1,'ACTIVO'),('de5b2048-25e9-4ebe-9ec2-9bc1ea7b4b54','Macdonald','Callahan Rich','53917938',1,5,2,'ACTIVO'),('de9bd6f3-74fb-4137-8f56-886d29798cca','Francine','Mcdaniel Downs','92486672',2,1,1,'ACTIVO'),('dfc3484b-009d-4e7c-9b7c-a2cfaf2cad78','Manuela','Wise Alford','86843159',4,6,2,'ACTIVO'),('e00f63e2-cd52-48da-a9e3-ab3360bbafa9','Deidre','Tyler Briggs','48137589',6,2,1,'ACTIVO'),('e066e031-da60-4ab1-a33c-d8bc3e6ac156','Gamble','Franks Navarro','56569397',1,2,3,'ACTIVO'),('e0d11bdc-177d-4aea-8509-1170149ce312','Janice','Beard Gray','34253342',1,2,1,'ACTIVO'),('e14b141a-edc6-48bc-a37a-3abaf7eda66c','Maxwell','Bernard Kemp','96497489',1,4,3,'ACTIVO'),('e17b7ed5-f72c-4c7e-9be6-442853d40db9','Harriett','Harrell Haney','19342349',3,4,2,'ACTIVO'),('e1831105-b494-4e8d-bbfb-cd5d582a8726','Lee','Owen Wong','58666516',2,2,1,'ACTIVO'),('e2f2e76b-470e-4c1e-832f-8d9de6d1a8a4','Douglas','Marshall Harmon','88535539',1,3,2,'ACTIVO'),('e2f674cc-71cb-4393-b1c4-49a40471592e','Poole','Gonzales Haynes','84078067',2,1,1,'ACTIVO'),('e3d08ce5-08c6-4322-becd-12cdaa6d4dae','Lang','Grant Conway','22531449',6,2,1,'ACTIVO'),('e4b5aa3d-282b-4898-a4fe-7b8e68826d99','Velma','Avery Rollins','78546928',1,4,3,'ACTIVO'),('e4bb5c8c-b71e-4b7d-9d29-81a7ee8c6105','Sherrie','Dean Sosa','50103250',1,4,3,'ACTIVO'),('e4f4fa12-7bfd-43c8-b995-ae7f515d9c8c','Johnson','Norman Newman','22523045',6,4,1,'ACTIVO'),('e50b79de-d119-4007-bca6-3792c70fcaf4','Robert','Macias Hahn','68138959',3,4,3,'ACTIVO'),('e5657351-bfce-4291-a47b-524be227956a','Miranda','Cannon Hicks','10091212',5,5,3,'ACTIVO'),('e70e6242-dab0-41f3-8ede-cbb68ec2711e','SAIR','MARQUEZ','75353521',1,3,2,'ACTIVO'),('e8286e76-ba6c-4fac-923d-e5385d84412c','Claudine','Blanchard Talley','70555180',4,1,2,'ACTIVO'),('e8536461-a1d3-43c7-8170-4f7704338cc0','Mccormick','Nieves Jacobson','77655117',1,5,2,'ACTIVO'),('e86325a4-4eb8-4cb9-9708-5d2980403589','Vasquez','Wiley Simon','27693676',4,1,2,'ACTIVO'),('e869bbdb-1af4-4c79-b57a-3354b184dc77','Jerri','Randall Valdez','41811175',1,4,3,'ACTIVO'),('e87d3c55-f6c8-42ab-a7c2-fa6419f5aca7','Geneva','Ortiz Peters','11391746',1,2,1,'ACTIVO'),('e8caf754-95a5-4538-9e44-d2c95c5b16c1','Jennings','Clemons Estrada','17821189',2,1,1,'ACTIVO'),('e9986fec-0c3f-4d1a-a3f2-f30229a61110','Heather','Donaldson Barber','14070810',6,1,1,'ACTIVO'),('e9fe5669-caa3-44a5-88b1-adb2488977ed','Wallace','Frank Leon','91799694',5,3,2,'ACTIVO'),('ec03790b-2834-4a7d-96c0-3b44597e9ba9','Callahan','Dean Espinoza','10584944',1,3,2,'ACTIVO'),('ec49071d-a059-4af7-97c5-87c213189f5f','Potts','Rivera Carver','25330151',6,5,1,'ACTIVO'),('ede487a6-ab5f-49ea-b480-79ffcff18ab6','Neva','Pratt Simmons','45882380',6,4,1,'ACTIVO'),('ee315fcc-abe9-4f4f-b3ed-834a03582889','Elvia','Richard Simmons','23375329',4,5,3,'ACTIVO'),('eeb34c14-beed-4cff-9539-0dd809d27329','Katherine','Oconnor Hensley','59889479',2,2,1,'ACTIVO'),('f04da367-68b0-4cb7-afcc-d7c41343f63f','Lora','Caldwell Santana','19928389',4,2,3,'ACTIVO'),('f08790e7-0694-49b7-af41-9be1188cf229','Carney','Snider Moss','51542015',3,3,3,'ACTIVO'),('f120de81-1461-4921-8702-b0b3479b0a6c','Thompson','Tate Burt','46473169',2,1,2,'ACTIVO'),('f1544208-02bb-44b2-a0e1-c111986c4193','Iris','Robinson Salazar','74861037',6,4,1,'ACTIVO'),('f22aad2e-a77e-438e-9252-81cddf9b3b29','Lara','Anderson Leach','72510304',4,5,2,'ACTIVO'),('f26bba58-670a-4f15-b96b-135c7d69d65d','Lois','Vazquez Velez','48613624',5,5,3,'ACTIVO'),('f38e9c29-6f61-4179-b62c-792614f3b9db','Juana','Coleman Underwood','84368328',6,4,1,'ACTIVO'),('f439a1e0-e353-4939-b776-93f6c3bdbf61','Vega','Hester Rasmussen','57667574',1,1,2,'ACTIVO'),('f46b2275-bc19-4c07-b657-b0923dae9d6d','Witt','Barrera Moreno','45621724',5,2,3,'ACTIVO'),('f5875fba-9cb7-457e-8e09-7169770645b7','Twila','Strong Guerrero','78244511',1,1,1,'ACTIVO'),('f6bb0007-de82-4cd7-83e4-3a7743643cb8','Coleman','Hicks Jackson','40109126',4,5,2,'ACTIVO'),('f74b3ee0-09ea-4a24-a745-195449c8d53a','Carlson','Castro Williams','16457636',4,4,3,'ACTIVO'),('f7c59321-e172-4ac8-9dd4-c801f9c2d3b7','Gretchen','Bird Wright','53732222',5,3,2,'ACTIVO'),('f89dd8c6-3a56-4e8a-b3d7-d82b347f81c6','Mccoy','Hines Vang','96798255',3,4,2,'ACTIVO'),('f8efc6e5-78aa-4781-9bf5-52985fa65199','Mildred','Sampson Lawson','81289917',1,2,1,'ACTIVO'),('f96bf3f1-af92-4df0-827d-42a8c4eff74c','Montoya','Howe Noble','34737509',1,5,3,'ACTIVO'),('f9d4e867-ba4e-43fa-b3a8-1bf8b0585eaf','Gray','Carey Edwards','46227784',2,2,1,'ACTIVO'),('f9da8bea-f1ea-44b8-9214-04914a17d835','Gilliam','Bush Dunn','86510878',1,4,2,'ACTIVO'),('fa194d46-10bd-4aa7-b723-97e3c2046589','Dunn','Landry Odom','90595490',3,2,3,'ACTIVO'),('fac07b64-1156-4b78-9ccb-05a38164a2d8','Allison','Reyes Lyons','76655501',5,5,3,'ACTIVO'),('fb14bd4c-07e0-444b-83d7-a8e646986a98','Francesca','Carrillo Sims','72303442',2,3,3,'ACTIVO'),('fb37fa58-ef1f-41f3-b446-d8a58d379691','Cathy','Holt Decker','28489069',1,3,3,'ACTIVO'),('fb93dd5c-3d48-451a-9441-961a73b5c036','Dillon','Romero Brady','63201965',6,1,1,'ACTIVO'),('fd077e6c-786f-4aac-b8fb-f82f305703ce','Pam','Campbell Walls','83888131',3,6,2,'ACTIVO'),('fd797526-bb1c-4cb5-849e-9ed771cfaa24','Hill','Garcia Fitzgerald','50097004',4,3,3,'ACTIVO'),('fe300924-aafd-410d-be02-5ce34188aa2c','Nichole','Underwood Mercado','12220479',4,2,3,'ACTIVO'),('fe41f266-a774-43d3-b82a-c937fa61981e','Colon','Savage Hurst','12224459',2,6,3,'ACTIVO'),('ff05d3cb-14e1-42f8-aa56-28a6dcf2cdc0','Katheryn','Taylor Walters','86849888',2,2,2,'ACTIVO'),('ff3741d1-95c5-4e9e-a905-c79bf5159797','Perkins','Dominguez Perry','50180931',3,4,3,'ACTIVO'),('ff759a17-2346-4638-9d25-702a5a749403','Avery','Johnston Mcclure','82869432',6,2,1,'ACTIVO'),('ffef83c7-75bc-4e85-9a81-a7e9ea57dd06','Doris','Aguirre English','67840076',4,2,2,'ACTIVO');
/*!40000 ALTER TABLE `student` ENABLE KEYS */;
UNLOCK TABLES;

--
-- Table structure for table `user`
--

DROP TABLE IF EXISTS `user`;
/*!40101 SET @saved_cs_client     = @@character_set_client */;
/*!50503 SET character_set_client = utf8mb4 */;
CREATE TABLE `user` (
  `id` varchar(8) NOT NULL,
  `name` varchar(32) NOT NULL,
  `surname` varchar(32) NOT NULL,
  `password` varchar(255) NOT NULL,
  `rol` varchar(16) NOT NULL,
  PRIMARY KEY (`id`),
  UNIQUE KEY `dni_UNIQUE` (`id`)
) ENGINE=InnoDB DEFAULT CHARSET=utf8mb3;
/*!40101 SET character_set_client = @saved_cs_client */;

--
-- Dumping data for table `user`
--

LOCK TABLES `user` WRITE;
/*!40000 ALTER TABLE `user` DISABLE KEYS */;
INSERT INTO `user` VALUES ('12345678','fsdfd','dsfdsfds','$2a$10$lIF6KC42KFQCKzOYmsLpR.AjNcjQkBkLtQAx5nam1XVOrXDntAoda','AUXILIAR'),('77117711','ADMIN','ADMIN','$2a$10$cVXRKr3zJfO.jjkXxFX.TuI2H4FQ1.O1gNK9W43Odr707duS8RR8S','ADMIN');
/*!40000 ALTER TABLE `user` ENABLE KEYS */;
UNLOCK TABLES;
/*!40103 SET TIME_ZONE=@OLD_TIME_ZONE */;

/*!40101 SET SQL_MODE=@OLD_SQL_MODE */;
/*!40014 SET FOREIGN_KEY_CHECKS=@OLD_FOREIGN_KEY_CHECKS */;
/*!40014 SET UNIQUE_CHECKS=@OLD_UNIQUE_CHECKS */;
/*!40101 SET CHARACTER_SET_CLIENT=@OLD_CHARACTER_SET_CLIENT */;
/*!40101 SET CHARACTER_SET_RESULTS=@OLD_CHARACTER_SET_RESULTS */;
/*!40101 SET COLLATION_CONNECTION=@OLD_COLLATION_CONNECTION */;
/*!40111 SET SQL_NOTES=@OLD_SQL_NOTES */;

-- Dump completed on 2024-07-11 19:19:15
